finding_id,severity,gate,view_id,requirement_ref,title,impact,repro_steps,expected,actual,build_id,deployment_id,profile,evidence_ids,owner_proposed,status,fix_ref,retest_case_ids,closure_result
FND-001,P2,FE-03,,,Tab/tabpanel semantics (summary from v2 prompt),"INHERITED (run 2026-10-05 #1). Full text in run-1 Atlas-Frontend-Findings.csv, which was not provided to this run.",see run-1 Findings.csv,see run-1,not re-observed in run 2,atlas-static-release/v1@2026-10-04T10:09:42.397Z (manifest sha256 0bf5b028…edd3),bd44cfc0-1219-40d9-9c1a-b1b7fe84d085 / version a8b5bc3a-63c9-4996-84e5-e8bc117775d3,run 1,INHERITED_EVIDENCE,Frontend,"OPEN (inherited, not retested)",,"A11Y-AXE-001,FE03-KBD-001",NOT_RUN
FND-002,P2,FE-04,,v2 §6.1; FE-04 CSP,Không có CSP và các security header trên document/asset,Không có lớp phòng thủ CSP cho app chạy Monaco + 6 worker + dữ liệu IndexedDB; không nosniff/HSTS/COOP/frame protection (clickjacking).,GET https://sparkling-snow-090d.ekko-okke666.workers.dev/ và đọc response headers,"CSP (script-src self, worker-src self blob:?, frame-ancestors none…), nosniff, Referrer-Policy, Permissions-Policy, HSTS, COOP","Chỉ có alt-svc, cache-control, cf-cache-status, cf-ray, content-encoding, content-type, date, nel, report-to, server",atlas-static-release/v1@2026-10-04T10:09:42.397Z (manifest sha256 0bf5b028…edd3),bd44cfc0-1219-40d9-9c1a-b1b7fe84d085 / version a8b5bc3a-63c9-4996-84e5-e8bc117775d3,Browser Rendering Chromium,EV-CF-501,Frontend release / Platform,OPEN (reproduced in run 2),Remediation-Plan R-01 (_headers),CF-PRE-005,FAIL (retest 2026-10-05T07:01Z)
FND-003,P2,FE-05,,v2 §6.1 cache-control,Asset có hash trong tên vẫn bị revalidate mỗi lần (max-age=0),"Mỗi lần tải lại phải revalidate 110+ asset (≈19 MB payload, Monaco/TS worker 6.9 MB) → chậm warm load, đặc biệt mạng di động.",Đọc Cache-Control của /assets/index-CNIcNnJO.js,"public, max-age=31536000, immutable cho /assets/*-<hash>.*","public, max-age=0, must-revalidate (mặc định Workers static assets)",atlas-static-release/v1@2026-10-04T10:09:42.397Z (manifest sha256 0bf5b028…edd3),bd44cfc0-1219-40d9-9c1a-b1b7fe84d085 / version a8b5bc3a-63c9-4996-84e5-e8bc117775d3,Browser Rendering Chromium,"EV-CF-501,EV-STD-501",Frontend release,OPEN (reproduced in run 2),Remediation-Plan R-02 (_headers),CF-PRE-006,FAIL (retest 2026-10-05T07:04Z)
FND-004,P1,FE-01,,,"3/49 definition types cannot be created: default name contains ""/"" rejected by name validator","INHERITED (run 2026-10-05 #1). Full text in run-1 Atlas-Frontend-Findings.csv, which was not provided to this run.",see run-1 Findings.csv,see run-1,not re-observed in run 2,atlas-static-release/v1@2026-10-04T10:09:42.397Z (manifest sha256 0bf5b028…edd3),bd44cfc0-1219-40d9-9c1a-b1b7fe84d085 / version a8b5bc3a-63c9-4996-84e5-e8bc117775d3,run 1,INHERITED_EVIDENCE,Frontend,"OPEN (inherited, not retested)",,DEF-RETEST-FND-004,NOT_RUN
FND-005,P2,FE-06,,,Stale success toast remains after 401 / session expiry disconnect,"INHERITED (run 2026-10-05 #1). Full text in run-1 Atlas-Frontend-Findings.csv, which was not provided to this run.",see run-1 Findings.csv,see run-1,not re-observed in run 2,atlas-static-release/v1@2026-10-04T10:09:42.397Z (manifest sha256 0bf5b028…edd3),bd44cfc0-1219-40d9-9c1a-b1b7fe84d085 / version a8b5bc3a-63c9-4996-84e5-e8bc117775d3,run 1,INHERITED_EVIDENCE,Frontend,"OPEN (inherited, not retested)",,FX-SERVICE-FND-005,NOT_RUN
FND-006,P3,see run 1,,,P3 finding from run 1 (FND-006 relates to FX-EXEC-001/FX-CMD-004 4xx-definitive decision),"INHERITED (run 2026-10-05 #1). Full text in run-1 Atlas-Frontend-Findings.csv, which was not provided to this run.",see run-1 Findings.csv,see run-1,not re-observed in run 2,atlas-static-release/v1@2026-10-04T10:09:42.397Z (manifest sha256 0bf5b028…edd3),bd44cfc0-1219-40d9-9c1a-b1b7fe84d085 / version a8b5bc3a-63c9-4996-84e5-e8bc117775d3,run 1,INHERITED_EVIDENCE,Frontend,"OPEN (inherited, not retested)",,see run-1 retest_case_ids,NOT_RUN
FND-007,P3,see run 1,,,P3 finding from run 1,"INHERITED (run 2026-10-05 #1). Full text in run-1 Atlas-Frontend-Findings.csv, which was not provided to this run.",see run-1 Findings.csv,see run-1,not re-observed in run 2,atlas-static-release/v1@2026-10-04T10:09:42.397Z (manifest sha256 0bf5b028…edd3),bd44cfc0-1219-40d9-9c1a-b1b7fe84d085 / version a8b5bc3a-63c9-4996-84e5-e8bc117775d3,run 1,INHERITED_EVIDENCE,Frontend,"OPEN (inherited, not retested)",,see run-1 retest_case_ids,NOT_RUN
FND-008,P3,see run 1,,,P3 finding from run 1,"INHERITED (run 2026-10-05 #1). Full text in run-1 Atlas-Frontend-Findings.csv, which was not provided to this run.",see run-1 Findings.csv,see run-1,not re-observed in run 2,atlas-static-release/v1@2026-10-04T10:09:42.397Z (manifest sha256 0bf5b028…edd3),bd44cfc0-1219-40d9-9c1a-b1b7fe84d085 / version a8b5bc3a-63c9-4996-84e5-e8bc117775d3,run 1,INHERITED_EVIDENCE,Frontend,"OPEN (inherited, not retested)",,see run-1 retest_case_ids,NOT_RUN
FND-009,P3,see run 1,,,P3 finding from run 1,"INHERITED (run 2026-10-05 #1). Full text in run-1 Atlas-Frontend-Findings.csv, which was not provided to this run.",see run-1 Findings.csv,see run-1,not re-observed in run 2,atlas-static-release/v1@2026-10-04T10:09:42.397Z (manifest sha256 0bf5b028…edd3),bd44cfc0-1219-40d9-9c1a-b1b7fe84d085 / version a8b5bc3a-63c9-4996-84e5-e8bc117775d3,run 1,INHERITED_EVIDENCE,Frontend,"OPEN (inherited, not retested)",,see run-1 retest_case_ids,NOT_RUN
FND-010,P3,see run 1,,,P3 finding from run 1,"INHERITED (run 2026-10-05 #1). Full text in run-1 Atlas-Frontend-Findings.csv, which was not provided to this run.",see run-1 Findings.csv,see run-1,not re-observed in run 2,atlas-static-release/v1@2026-10-04T10:09:42.397Z (manifest sha256 0bf5b028…edd3),bd44cfc0-1219-40d9-9c1a-b1b7fe84d085 / version a8b5bc3a-63c9-4996-84e5-e8bc117775d3,run 1,INHERITED_EVIDENCE,Frontend,"OPEN (inherited, not retested)",,see run-1 retest_case_ids,NOT_RUN
FND-011,P2,FE-03,,,Scrollable table region not keyboard focusable,"INHERITED (run 2026-10-05 #1). Full text in run-1 Atlas-Frontend-Findings.csv, which was not provided to this run.",see run-1 Findings.csv,see run-1,not re-observed in run 2,atlas-static-release/v1@2026-10-04T10:09:42.397Z (manifest sha256 0bf5b028…edd3),bd44cfc0-1219-40d9-9c1a-b1b7fe84d085 / version a8b5bc3a-63c9-4996-84e5-e8bc117775d3,run 1,INHERITED_EVIDENCE,Frontend,"OPEN (inherited, not retested)",,FE03-KBD-001,NOT_RUN
FND-012,P1,FE-01,,,7 canonical screens NOT_IMPLEMENTED; 129 views without any case,"INHERITED (run 2026-10-05 #1). Full text in run-1 Atlas-Frontend-Findings.csv, which was not provided to this run.",see run-1 Findings.csv,see run-1,not re-observed in run 2,atlas-static-release/v1@2026-10-04T10:09:42.397Z (manifest sha256 0bf5b028…edd3),bd44cfc0-1219-40d9-9c1a-b1b7fe84d085 / version a8b5bc3a-63c9-4996-84e5-e8bc117775d3,run 1,INHERITED_EVIDENCE,Frontend,"OPEN (inherited, not retested)",,FE01-210-001,NOT_RUN
FND-013,P3,see run 1,,,P3 finding from run 1,"INHERITED (run 2026-10-05 #1). Full text in run-1 Atlas-Frontend-Findings.csv, which was not provided to this run.",see run-1 Findings.csv,see run-1,not re-observed in run 2,atlas-static-release/v1@2026-10-04T10:09:42.397Z (manifest sha256 0bf5b028…edd3),bd44cfc0-1219-40d9-9c1a-b1b7fe84d085 / version a8b5bc3a-63c9-4996-84e5-e8bc117775d3,run 1,INHERITED_EVIDENCE,Frontend,"OPEN (inherited, not retested)",,see run-1 retest_case_ids,NOT_RUN
FND-014,P3,see run 1,,,P3 finding from run 1,"INHERITED (run 2026-10-05 #1). Full text in run-1 Atlas-Frontend-Findings.csv, which was not provided to this run.",see run-1 Findings.csv,see run-1,not re-observed in run 2,atlas-static-release/v1@2026-10-04T10:09:42.397Z (manifest sha256 0bf5b028…edd3),bd44cfc0-1219-40d9-9c1a-b1b7fe84d085 / version a8b5bc3a-63c9-4996-84e5-e8bc117775d3,run 1,INHERITED_EVIDENCE,Frontend,"OPEN (inherited, not retested)",,see run-1 retest_case_ids,NOT_RUN
FND-015,P3,see run 1,,,P3 finding from run 1,"INHERITED (run 2026-10-05 #1). Full text in run-1 Atlas-Frontend-Findings.csv, which was not provided to this run.",see run-1 Findings.csv,see run-1,not re-observed in run 2,atlas-static-release/v1@2026-10-04T10:09:42.397Z (manifest sha256 0bf5b028…edd3),bd44cfc0-1219-40d9-9c1a-b1b7fe84d085 / version a8b5bc3a-63c9-4996-84e5-e8bc117775d3,run 1,INHERITED_EVIDENCE,Frontend,"OPEN (inherited, not retested)",,see run-1 retest_case_ids,NOT_RUN
FND-016,P3,see run 1,,,P3 finding from run 1,"INHERITED (run 2026-10-05 #1). Full text in run-1 Atlas-Frontend-Findings.csv, which was not provided to this run.",see run-1 Findings.csv,see run-1,not re-observed in run 2,atlas-static-release/v1@2026-10-04T10:09:42.397Z (manifest sha256 0bf5b028…edd3),bd44cfc0-1219-40d9-9c1a-b1b7fe84d085 / version a8b5bc3a-63c9-4996-84e5-e8bc117775d3,run 1,INHERITED_EVIDENCE,Frontend,"OPEN (inherited, not retested)",,see run-1 retest_case_ids,NOT_RUN
FND-017,P3,FE-03,all 18 module routes,WCAG 2.2 SC 2.4.2 Page Titled,"document.title không đổi theo view (""Atlas · Workspace"" cho cả 18 module)","Người dùng trình đọc màn hình, lịch sử trình duyệt, nhiều tab không phân biệt được view; khó quay lại đúng màn.","Mở /#home rồi /#execution, /#observer…; đọc document.title","Tiêu đề phản ánh view, ví dụ ""Execution · Atlas Workspace""","""Atlas · Workspace"" ở mọi route; bundle không gán document.title",atlas-static-release/v1@2026-10-04T10:09:42.397Z (manifest sha256 0bf5b028…edd3),bd44cfc0-1219-40d9-9c1a-b1b7fe84d085 / version a8b5bc3a-63c9-4996-84e5-e8bc117775d3,Browser Rendering Chromium 1440x900,"EV-RT-501,EV-RT-503",Frontend,OPEN (new in run 2),Remediation-Plan R-04,FE01-TITLE-001,
FND-018,P2,FE-03,all 18 module routes (shell breadcrumb),WCAG 2.2 SC 2.5.8 Target Size (Minimum),"Light theme, 320/375 px: link breadcrumb ""Workspace"" 64×18 nằm trong 12 px của nút ""Navigation"" (không đạt ngoại lệ spacing)","Mục tiêu chạm nhỏ, sát nút mở navigation trên mobile → dễ chạm nhầm; chỉ quan sát ở light theme (dark sạch) — nguyên nhân chưa xác định.","Viewport 320x800 hoặc 375x812 (isMobile, hasTouch); bấm ""Switch display theme"" sang light; mở bất kỳ route; đo rect của nav[aria-label=Breadcrumb] a ""Workspace"" và nút ""Navigation""",≥24×24 hoặc vòng tròn 24 px quanh target không giao target khác,"64×18, tâm cách rect nút ""Navigation"" <12 px; 36/36 combos light@320/375 bị gắn cờ; dark@320/375 = 0",atlas-static-release/v1@2026-10-04T10:09:42.397Z (manifest sha256 0bf5b028…edd3),bd44cfc0-1219-40d9-9c1a-b1b7fe84d085 / version a8b5bc3a-63c9-4996-84e5-e8bc117775d3,"Browser Rendering Chromium, isMobile+hasTouch, DPR 2/3","EV-RESP-501,EV-RESP-502",Frontend (shell header CSS),OPEN (new in run 2; root cause pending FE02-TARGET-001),Remediation-Plan R-05,"FE02-TARGET-001,FE02-AUTO-216-320,FE02-AUTO-216-375",
FND-019,P3,FE-03,#<unknown>,WCAG 1.3.1 / 2.4.6 (heading structure),"View ""Workspace view not found"" không có h1 trong main",Người dùng AT không có heading cấp 1 để định hướng ở trạng thái lỗi điều hướng.,Mở /#atlas-unknown-route,"Một h1 mô tả trạng thái (ví dụ ""Workspace view not found"")","main h1 = null; text ""Workspace view not found … Return to overview""",atlas-static-release/v1@2026-10-04T10:09:42.397Z (manifest sha256 0bf5b028…edd3),bd44cfc0-1219-40d9-9c1a-b1b7fe84d085 / version a8b5bc3a-63c9-4996-84e5-e8bc117775d3,Browser Rendering Chromium 1280x800,EV-RT-502,Frontend,OPEN (new in run 2),Remediation-Plan R-06,FE01-ROUTE-003,
FND-020,P3,FE-01,n/a (release metadata),v2 §4 release manifest / provenance,"release-manifest.json khai báo ""BUILT_NOT_DEPLOYED_NOT_PRODUCTION_CERTIFIED"" và manifestSelfHash=null trong khi đang được phục vụ công khai",Metadata phát hành không phản ánh trạng thái thực (đã deploy); không có self-hash để kiểm toàn vẹn manifest; dễ gây hiểu nhầm khi đối chiếu release.,GET /release-manifest.json,status phản ánh deployment (hoặc manifest tách biệt cho bản deploy) + self-hash/chữ ký,status BUILT_NOT_DEPLOYED_NOT_PRODUCTION_CERTIFIED; manifestSelfHash null; backendE2E NOT_RUN; browserAT NOT_RUN,atlas-static-release/v1@2026-10-04T10:09:42.397Z (manifest sha256 0bf5b028…edd3),bd44cfc0-1219-40d9-9c1a-b1b7fe84d085 / version a8b5bc3a-63c9-4996-84e5-e8bc117775d3,http,EV-CF-502,Release engineering,OPEN (new in run 2),Remediation-Plan R-07,CF-PRE-002,
