route_id,title,module,owner_route,actual_route,canonical_spec_ids,source_component,required_fields,required_actions,applicable_states,implementation_status,functional_result,responsive_result,accessibility_result,runtime_result,performance_result,journey_ids,finding_ids,evidence_ids,limitations
ROUTE:home,Build with a clear trail.,home,,#home,,Figma Atlas/Dark/home (236:729),,,,PARTIAL,BLOCKED,FAIL,FAIL,PASS,PASS,,"FND-017,FND-018,FND-023,FND-024,FND-025","EV-FIG-701,EV-RT-501,EV-RESP-501","Figma title ""Turn specifications into traceable work"" vs deployed ""Build with a clear trail."" (MISSING); purpose MISSING; Figma controls missing 14/16"
ROUTE:specifications,Specifications,specifications,,#specifications,,Figma Atlas/Dark/specifications (236:985),,,,PARTIAL,BLOCKED,FAIL,FAIL,PASS,PASS,,"FND-017,FND-018,FND-023,FND-024,FND-025","EV-FIG-701,EV-RT-501,EV-RESP-501","Figma title ""Specifications"" vs deployed ""Specifications"" (EXACT); purpose MISSING; Figma controls missing 17/25"
ROUTE:code,Code intelligence,code,,#code,,Figma Atlas/Dark/code (236:1306),,,,PARTIAL,BLOCKED,FAIL,FAIL,PASS,PASS,,"FND-017,FND-018,FND-023,FND-024,FND-025","EV-FIG-701,EV-RT-501,EV-RESP-501","Figma title ""Code intelligence"" vs deployed ""Code intelligence"" (EXACT); purpose MISSING; Figma controls missing 9/15"
ROUTE:agents,Agents,agents,,#agents,,Figma Atlas/Dark/agents (236:1608),,,,PARTIAL,BLOCKED,FAIL,FAIL,PASS,PASS,,"FND-017,FND-018,FND-023,FND-024,FND-025","EV-FIG-701,EV-RT-501,EV-RESP-501","Figma title ""Agents"" vs deployed ""Agents"" (EXACT); purpose MISSING; Figma controls missing 5/19"
ROUTE:resources,Resources,resources,,#resources,,Figma Atlas/Dark/resources (236:1866),,,,PARTIAL,BLOCKED,FAIL,FAIL,PASS,PASS,,"FND-017,FND-018,FND-023,FND-024,FND-025","EV-FIG-701,EV-RT-501,EV-RESP-501","Figma title ""Resource registry"" vs deployed ""Resources"" (MISSING); purpose MISSING; Figma controls missing 11/17"
ROUTE:memory,Memory,memory,,#memory,,Figma Atlas/Dark/memory (236:2967),,,,PARTIAL,BLOCKED,FAIL,FAIL,PASS,PASS,,"FND-017,FND-018,FND-023,FND-024,FND-025","EV-FIG-701,EV-RT-501,EV-RESP-501","Figma title ""Memory & context"" vs deployed ""Memory"" (MISSING); purpose MISSING; Figma controls missing 11/20"
ROUTE:workflow,Workflow,workflow,,#workflow,,Figma Atlas/Dark/workflow (236:2121),,,,PARTIAL,BLOCKED,FAIL,FAIL,PASS,PASS,,"FND-017,FND-018,FND-023,FND-024,FND-025","EV-FIG-701,EV-RT-501,EV-RESP-501","Figma title ""Workflow definitions & plans"" vs deployed ""Workflow"" (MISSING); purpose MISSING; Figma controls missing 12/15"
ROUTE:execution,Execution,execution,,#execution,,Figma Atlas/Dark/execution (236:2375),,,,PARTIAL,BLOCKED,FAIL,FAIL,PASS,PASS,,"FND-017,FND-018,FND-023,FND-024,FND-025","EV-FIG-701,EV-RT-501,EV-RESP-501","Figma title ""Runs & agent activity"" vs deployed ""Execution"" (MISSING); purpose MISSING; Figma controls missing 21/33"
ROUTE:governance,Delivery & acceptance,governance,,#governance,,Figma Atlas/Dark/governance (236:2674),,,,PARTIAL,BLOCKED,FAIL,FAIL,PASS,PASS,,"FND-017,FND-018,FND-023,FND-024,FND-025","EV-FIG-701,EV-RT-501,EV-RESP-501","Figma title ""Reviews & delivery"" vs deployed ""Delivery & acceptance"" (MISSING); purpose MISSING; Figma controls missing 21/33"
ROUTE:gateway,AI gateway,gateway,,#gateway,,Figma Atlas/Dark/gateway (236:3226),,,,PARTIAL,BLOCKED,FAIL,FAIL,PASS,PASS,,"FND-017,FND-018,FND-023,FND-024,FND-025","EV-FIG-701,EV-RT-501,EV-RESP-501","Figma title ""AI access & budget"" vs deployed ""AI gateway"" (MISSING); purpose MISSING; Figma controls missing 17/29"
ROUTE:collaboration,Collaboration,collaboration,,#collaboration,,Figma Atlas/Dark/collaboration (236:3496),,,,PARTIAL,BLOCKED,FAIL,FAIL,PASS,PASS,,"FND-017,FND-018,FND-023,FND-024,FND-025","EV-FIG-701,EV-RT-501,EV-RESP-501","Figma title ""Collaboration"" vs deployed ""Collaboration"" (EXACT); purpose MISSING; Figma controls missing 18/27"
ROUTE:configuration,Configuration,configuration,,#configuration,,Figma Atlas/Dark/configuration (236:3752),,,,PARTIAL,BLOCKED,FAIL,FAIL,PASS,PASS,,"FND-017,FND-018,FND-023,FND-024,FND-025","EV-FIG-701,EV-RT-501,EV-RESP-501","Figma title ""Configuration & policy"" vs deployed ""Configuration"" (MISSING); purpose MISSING; Figma controls missing 14/19"
ROUTE:identity,Identity & access,identity,,#identity,,Figma Atlas/Dark/identity (236:4007),,,,PARTIAL,BLOCKED,FAIL,FAIL,PASS,PASS,,"FND-017,FND-018,FND-023,FND-024,FND-025","EV-FIG-701,EV-RT-501,EV-RESP-501","Figma title ""People & access"" vs deployed ""Identity & access"" (MISSING); purpose MISSING; Figma controls missing 18/26"
ROUTE:tenancy,Organization & projects,tenancy,,#tenancy,,Figma Atlas/Dark/tenancy (236:4258),,,,PARTIAL,BLOCKED,FAIL,FAIL,PASS,PASS,,"FND-017,FND-018,FND-023,FND-024,FND-025","EV-FIG-701,EV-RT-501,EV-RESP-501","Figma title ""Organization & projects"" vs deployed ""Organization & projects"" (EXACT); purpose MISSING; Figma controls missing 14/25"
ROUTE:saas,Usage & billing,saas,,#saas,,Figma Atlas/Dark/saas (236:4512),,,,PARTIAL,BLOCKED,FAIL,FAIL,PASS,PASS,,"FND-017,FND-018,FND-023,FND-024,FND-025","EV-FIG-701,EV-RT-501,EV-RESP-501","Figma title ""Usage, billing & data"" vs deployed ""Usage & billing"" (MISSING); purpose MISSING; Figma controls missing 18/28"
ROUTE:desktop,Desktop companion,desktop,,#desktop,,Figma Atlas/Dark/desktop (236:4776),,,,PARTIAL,BLOCKED,FAIL,FAIL,PASS,PASS,,"FND-017,FND-018,FND-023,FND-024,FND-025","EV-FIG-701,EV-RT-501,EV-RESP-501","Figma title ""Desktop & local runtime"" vs deployed ""Desktop companion"" (MISSING); purpose MISSING; Figma controls missing 21/29"
ROUTE:observer,Observer,observer,,#observer,,Figma Atlas/Dark/observer (236:5048),,,,PARTIAL,BLOCKED,FAIL,FAIL,PASS,PASS,,"FND-017,FND-018,FND-023,FND-024,FND-025","EV-FIG-701,EV-RT-501,EV-RESP-501","Figma title ""Operations observer"" vs deployed ""Observer"" (MISSING); purpose MISSING; Figma controls missing 22/28"
ROUTE:connection,Connection & operations,connection,,#connection,,Figma Atlas/Dark/connection (236:5309),,,,PARTIAL,BLOCKED,FAIL,FAIL,PASS,PASS,,"FND-017,FND-018,FND-023,FND-024,FND-025","EV-FIG-701,EV-RT-501,EV-RESP-501","Figma title ""Connection & operation receipts"" vs deployed ""Connection & operations"" (MISSING); purpose MISSING; Figma controls missing 10/17"
